INSERT INTO engine_config.chip_type (chip_id, chip_name, chip_type, multiplier)
VALUES (1, 'Double X Individual', 'Point_Calculation', 2.00),
       (2, 'Triple X Individual', 'Point_Calculation', 3.00),
       (3, 'Double X Team', 'Point_Calculation', 2.00),
       (4, 'Unlimited Transfer', 'Transfer_Management', NULL),
       (5, 'No Negative', 'Point_Calculation', NULL),
       (6, 'Wildcard Transfer', 'Transfer_Management', NULL),
       (7, 'AutoPilot', 'Point_Calculation', NULL);

INSERT INTO engine_config.game_variant (variant_id, variant_name)
VALUES (1, 'Tournament Fantasy'),
       (2, 'Daily Fantasy');

INSERT INTO engine_config.offset_type (offset_type_id, offset_type)
VALUES (1, 'NONE'),
       (3, 'INDIVIDUAL'),
       (2, 'ALL');

INSERT INTO engine_config.platform (platform_id, platform_name)
VALUES (1, 'FACEBOOK'),
       (2, 'GOOGLE'),
       (3, 'OTHERS');

INSERT INTO engine_config.device (device_id, device_name)
VALUES (1, 'WEB'),
       (2, 'ANDROID'),
       (3, 'IOS'),
       (4, 'IPAD');

INSERT INTO engine_config.player_valuation_algorithm_type (algorithm_type_id, algorithm_type_name)
VALUES (1, 'PERCENTAGE'),
       (2, 'WEIGHTED_VALUE_ALGORITHM');

INSERT INTO engine_config.response_type (response_code, response_desc)
VALUES  (0, 'TEAM_NAME_EXISTS'),
        (1, 'SUCCESS'),
        (-1, 'UNKNOWN_ERROR'),
        (10, 'USER_DOES_NOT_EXISTS'),
        (11, 'PLAYER_COUNT_MISMATCH'),
        (12, 'SKILL_COUNT_MISMATCH'),
        (13, 'USER_TEAM_LIMIT_REACHED'),
        (2, 'INVALID_INPUT'),
        (20, 'INPUT_DATA_MISMATCH'),
        (3, 'DATA_NOT_FOUND'),
        (4, 'DATA_ALREADY_EXISTS'),
        (30, 'PARTITIONING_ERROR'),
        (15, 'USER_ALREADY_EXISTS'),
        (16, 'USER_BUDGET_EXCEEDED'),
        (17, 'TEAM_DOES_NOT_EXISTS');

INSERT INTO engine_config.role (role_id, role_name)
VALUES (1, 'SUPER_ADMIN'),
       (2, 'ADMIN');

INSERT INTO engine_config.season_status (status_id, status)
VALUES (1, 'NOT_STARTED'),
       (2, 'LIVE'),
       (3, 'ENDED');

INSERT INTO engine_config.sport (sport_id, sport_name)
VALUES (2, 'FOOTBALL'),
       (3, 'BASKETBALL'),
       (1, 'CRICKET');

INSERT INTO engine_config.profanity_status (status_id, status)
VALUES (1, 'NOT_PROFANE'),
       (2, 'PROFANE'),
       (3, 'UPDATED_BY_SYSTEM');

INSERT INTO engine_config.preset (preset_id, preset_name, sport_id, variant_id)
VALUES (1, 'Sl_Cricket_SL_Master', 1, 1),
       (2, 'IPL_T20_Cricket_SL_Fantasy', 1, 1),
       (3, 'D11_Cricket_2024', 1, 1),
       (4, 'Latest_Cricket', 1, 1),
       (5, 'Latest_Football', 2, 1),
       (6, 'BasketBall_Pts', 3, 1);

INSERT INTO engine_config.sport_skill (sport_id, skill_id, skill_name, feed_skill_id, skill_short_name)
VALUES (2, 7, 'FORWARD', 2, 'FWD'),
       (1, 2, 'BOWLER', 2, 'BOWL'),
       (1, 1, 'BATTER', 1, 'BAT'),
       (2, 6, 'DEFENDER', 1, 'DEF'),
       (1, 3, 'ALL_ROUNDER', 3, 'ALR'),
       (1, 4, 'WICKET_KEEPER', 4, 'WK'),
       (3, 9, 'FRONT_COURT', 1, 'FC'),
       (2, 5, 'GOALKEEPER', 4, 'GK'),
       (2, 8, 'MIDFIELDER', 3, 'MID'),
       (3, 10, 'BACK_COURT', 2, 'BC');

INSERT INTO engine_config.team_constraint (constraint_id, constraint_type_id, constraint_type, constraint_subtype_id, constraint_subtype)
VALUES (1, 1, 'Domestic / Foreign - Entities', 1, 'Domestic'),
       (2, 1, 'Domestic / Foreign - Entities', 2, 'Foreign'),
       (3, 2, 'Entities from same team', NULL, NULL),
       (4, 3, 'Gender based selection', 1, 'Male'),
       (5, 3, 'Gender based selection', 2, 'Female'),
       (6, 4, 'Capped / Uncapped', 1, 'Capped'),
       (7, 4, 'Capped / Uncapped', 2, 'Uncapped'),
       (8, 5, 'Age', NULL, NULL),
       (-1, NULL, NULL, NULL, NULL);

INSERT INTO engine_config.country (country_id, country_name, country_code)
VALUES (1, 'Afghanistan', 'AFG'),
       (2, 'Åland Islands', 'ALA'),
       (3, 'Albania', 'ALB'),
       (4, 'Algeria', 'DZA'),
       (5, 'American Samoa', 'ASM'),
       (6, 'Andorra', 'AND'),
       (7, 'Angola', 'AGO'),
       (8, 'Anguilla', 'AIA'),
       (9, 'Antarctica', 'ATA'),
       (10, 'Antigua and Barbuda', 'ATG'),
       (11, 'Argentina', 'ARG'),
       (12, 'Armenia', 'ARM'),
       (13, 'Aruba', 'ABW'),
       (14, 'Australia', 'AUS'),
       (15, 'Austria', 'AUT'),
       (16, 'Azerbaijan', 'AZE'),
       (17, 'Bahamas', 'BHS'),
       (18, 'Bahrain', 'BHR'),
       (19, 'Bangladesh', 'BGD'),
       (20, 'Barbados', 'BRB'),
       (21, 'Belgium', 'BEL'),
       (22, 'Belize', 'BLZ'),
       (23, 'Benin', 'BEN'),
       (24, 'Bermuda', 'BMU'),
       (25, 'Bhutan', 'BTN'),
       (26, 'Bolivia', 'BOL'),
       (27, 'Bosnia and Herzegovina', 'BIH'),
       (28, 'Botswana', 'BWA'),
       (29, 'Brazil', 'BRA'),
       (30, 'British Indian Ocean Territory', 'IOT'),
       (31, 'British Virgin Islands', 'VGB'),
       (32, 'Brunei', 'BRN'),
       (33, 'Bulgaria', 'BGR'),
       (34, 'Burkina Faso', 'BFA'),
       (35, 'Burundi', 'BDI'),
       (36, 'Cambodia', 'KHM'),
       (37, 'Cameroon', 'CMR'),
       (38, 'Canada', 'CAN'),
       (39, 'Cape Verde', 'CPV'),
       (40, 'Caribbean Netherlands', 'BES'),
       (41, 'Cayman Islands', 'CYM'),
       (42, 'Central African Republic', 'CAF'),
       (43, 'Chad', 'TCD'),
       (44, 'Chile', 'CHL'),
       (45, 'China', 'CHN'),
       (46, 'Chistmas Island', 'CXR'),
       (47, 'Cocos (Keeling) Islands', 'CCK'),
       (48, 'Colombia', 'COL'),
       (49, 'Comoros', 'COM'),
       (50, 'Cook Islands', 'COK'),
       (51, 'Costa Rica', 'CRI'),
       (52, 'Côte d’Ivoire', 'CIV'),
       (53, 'Croatia', 'HRV'),
       (54, 'Curaçao', 'CUW'),
       (55, 'Cyprus', 'CYP'),
       (56, 'Czech Republic', 'CZE'),
       (57, 'Democratic Republic of the Congo', 'COD'),
       (58, 'Denmark', 'DNK'),
       (59, 'Djibouti', 'DJI'),
       (60, 'Dominica', 'DMA'),
       (61, 'Dominican Republic', 'DOM'),
       (62, 'Ecuador', 'ECU'),
       (63, 'Egypt', 'EGY'),
       (64, 'El Salvador', 'SLV'),
       (65, 'Equatorial Guinea', 'GNQ'),
       (66, 'Eritrea', 'ERI'),
       (67, 'Estonia', 'EST'),
       (68, 'Eswatini', 'SWZ'),
       (69, 'Ethiopia', 'ETH'),
       (70, 'Falkland Islands (Islas Malvinas)', 'FLK'),
       (71, 'Faroe Islands', 'FRO'),
       (72, 'Federated States of Micronesia', 'FSM'),
       (73, 'Fiji', 'FJI'),
       (74, 'Finland', 'FIN'),
       (75, 'France', 'FRA'),
       (76, 'French Guiana', 'GUF'),
       (77, 'French Polynesia', 'PYF'),
       (78, 'French Southern and Antarctic Lands', 'ATF'),
       (79, 'Gabon', 'GAB'),
       (80, 'Gambia', 'GMB'),
       (81, 'Georgia', 'GEO'),
       (82, 'Germany', 'DEU'),
       (83, 'Ghana', 'GHA'),
       (84, 'Gibraltar', 'GIB'),
       (85, 'Greece', 'GRC'),
       (86, 'Greenland', 'GRL'),
       (87, 'Grenada', 'GRD'),
       (88, 'Guadeloupe', 'GLP'),
       (89, 'Guam', 'GUM'),
       (90, 'Guatemala', 'GTM'),
       (91, 'Guernsey', 'GGY'),
       (92, 'Guinea', 'GIN'),
       (93, 'Guinea - Bissau', 'GNB'),
       (94, 'Guyana', 'GUY'),
       (95, 'Haiti', 'HTI'),
       (96, 'Honduras', 'HND'),
       (97, 'Hong Kong, China', 'HKG'),
       (98, 'Hungary', 'HUN'),
       (99, 'Iceland', 'ISL'),
       (100, 'India', 'IND'),
       (101, 'Indonesia', 'IDN'),
       (102, 'Iraq', 'IRQ'),
       (103, 'Isle of Man', 'IMN'),
       (104, 'Israel', 'ISR'),
       (105, 'Italy', 'ITA'),
       (106, 'Jamaica', 'JAM'),
       (107, 'Japan', 'JPN'),
       (108, 'Jersey', 'JEY'),
       (109, 'Jordan', 'JOR'),
       (110, 'Kazakhstan', 'KAZ'),
       (111, 'Kenya', 'KEN'),
       (112, 'Kiribati', 'KIR'),
       (113, 'Kosovo', 'XKO'),
       (114, 'Kuwait', 'KWT'),
       (115, 'Kyrgyzstan', 'KGZ'),
       (116, 'Laos', 'LAO'),
       (117, 'Latvia', 'LVA'),
       (118, 'Lebanon', 'LBN'),
       (119, 'Lesotho', 'LSO'),
       (120, 'Liberia', 'LBR'),
       (121, 'Libya', 'LBY'),
       (122, 'Liechtenstein', 'LIE'),
       (123, 'Lithuania', 'LTU'),
       (124, 'Luxembourg', 'LUX'),
       (125, 'Macau', 'MAC'),
       (126, 'Macedonia', 'MKD'),
       (127, 'Madagascar', 'MDG'),
       (128, 'Malawi', 'MWI'),
       (129, 'Malaysia', 'MYS'),
       (130, 'Maldives', 'MDV'),
       (131, 'Mali', 'MLI'),
       (132, 'Malta', 'MLT'),
       (133, 'Marshall Islands', 'MHL'),
       (134, 'Martinique', 'MTQ'),
       (135, 'Mauritania', 'MRT'),
       (136, 'Mauritius', 'MUS'),
       (137, 'Mayotte', 'MYT'),
       (138, 'Mexico', 'MEX'),
       (139, 'Monaco', 'MCO'),
       (140, 'Mongolia', 'MNG'),
       (141, 'Montenegro', 'MNE'),
       (142, 'Montserrat', 'MSR'),
       (143, 'Morocco', 'MAR'),
       (144, 'Mozambique', 'MOZ'),
       (145, 'Myanmar', 'MMR'),
       (146, 'Namibia', 'NAM'),
       (147, 'Nauru', 'NRU'),
       (148, 'Nepal', 'NPL'),
       (149, 'Netherlands', 'NLD'),
       (150, 'Netherlands Antillies', 'ANT'),
       (151, 'New Caledonia', 'NCL'),
       (152, 'New Zealand', 'NZL'),
       (153, 'Nicaragua', 'NIC'),
       (154, 'Niger', 'NER'),
       (155, 'Nigeria', 'NGA'),
       (156, 'Niue', 'NIU'),
       (157, 'Norfolk Island', 'NFK'),
       (158, 'Norway', 'NOR'),
       (159, 'Nothern Mariana Islands', 'MNP'),
       (160, 'Oman', 'OMN'),
       (161, 'Pakistan', 'PAK'),
       (162, 'Palau', 'PLW'),
       (163, 'Palestinian Territory', 'PSE'),
       (164, 'Panama', 'PAN'),
       (165, 'Papua New Guinea', 'PNG'),
       (166, 'Paraguay', 'PRY'),
       (167, 'Peru', 'PER'),
       (168, 'Philippines', 'PHL'),
       (169, 'Pitcairn Islands', 'PCN'),
       (170, 'Poland', 'POL'),
       (171, 'Portugal', 'PRT'),
       (172, 'Puerto Rico', 'PRI'),
       (173, 'Qatar', 'QAT'),
       (174, 'Republic of Ireland', 'IRL'),
       (175, 'Republic of Moldova', 'MDA'),
       (176, 'Réunion', 'REU'),
       (177, 'Romania', 'ROU'),
       (178, 'Rwanda', 'RWA'),
       (179, 'Saint Barthélemy', 'BLM'),
       (180, 'Saint Helena', 'SHN'),
       (181, 'Saint Kitts and Nevis', 'KNA'),
       (182, 'Saint Lucia', 'LCA'),
       (183, 'Saint Martin', 'MAF'),
       (184, 'Saint Pierre and Miquelon', 'SPM'),
       (185, 'Saint Vincent and The Grenadines', 'VCT'),
       (186, 'Samoa', 'WSM'),
       (187, 'San Marino', 'SMR'),
       (188, 'Sao Tome and Principe', 'STP'),
       (189, 'Saudi Arabia', 'SAU'),
       (190, 'Senegal', 'SEN'),
       (191, 'Serbia', 'SRB'),
       (192, 'Seychelles', 'SYC'),
       (193, 'Sierra Leone', 'SLE'),
       (194, 'Singapore', 'SGP'),
       (195, 'Sint Maarten', 'SXM'),
       (196, 'Slovakia', 'SVK'),
       (197, 'Slovenia', 'SVN'),
       (198, 'Solomon Islands', 'SLB'),
       (199, 'Somalia', 'SOM'),
       (200, 'South Africa', 'ZAF'),
       (201, 'South Georgia and the South Sandwich Islands', 'SGS'),
       (202, 'South Korea', 'KOR'),
       (203, 'South Sudan', 'SSD'),
       (204, 'Spain', 'ESP'),
       (205, 'Sri Lanka', 'LKA'),
       (206, 'Suriname', 'SUR'),
       (207, 'Svalbard and Jan Mayen Islands', 'SJM'),
       (208, 'Sweden', 'SWE'),
       (209, 'Switzerland', 'CHE'),
       (210, 'Taiwan, China', 'TWN'),
       (211, 'Tajikistan', 'TJK'),
       (212, 'Tanzania', 'TZA'),
       (213, 'Thailand', 'THA'),
       (214, 'Timor-Leste', 'TLS'),
       (215, 'Togo', 'TGO'),
       (216, 'Tokelau', 'TKL'),
       (217, 'Tonga', 'TON'),
       (218, 'Trinidad and Tobago', 'TTO'),
       (219, 'Tunisia', 'TUN'),
       (220, 'Turkey', 'TUR'),
       (221, 'Turkmenistan', 'TKM'),
       (222, 'Turks and Caicos Islands', 'TCA'),
       (223, 'Tuvalu', 'TUV'),
       (224, 'Uganda', 'UGA'),
       (225, 'Ukraine', 'UKR'),
       (226, 'United Arab Emirates', 'ARE'),
       (227, 'United Kingdom', 'GBR'),
       (228, 'United States Minor Outlying Islands', 'UMI'),
       (229, 'United States Virgin Islands', 'VIR'),
       (230, 'United States of America', 'USA'),
       (231, 'Uruguay', 'URY'),
       (232, 'Uzbekistan', 'UZB'),
       (233, 'Vanuatu', 'VUT'),
       (234, 'Vatican City', 'VAT'),
       (235, 'Venezuela', 'VEN'),
       (236, 'Vietnam', 'VNM'),
       (237, 'Wallis and Futuna Islands', 'WLF'),
       (238, 'Western Sahara', 'ESH'),
       (239, 'Yemen', 'YEM'),
       (240, 'Zaire', 'ZAR'),
       (241, 'Zambia', 'ZMB'),
       (242, 'Zimbabwe', 'ZWE'); 